episode,script, battle,Friendship, love
1,0.19247429072856903,0.764385461807251,0.05203360505402088,0.04022357426583767
2,0.10677916556596756,0.7039986550807953,0.04775439389050007,0.1699895616620779
